{
    "foreground_intensity_properties_per_channel": {
        "0": {
            "max": 195.0,
            "mean": 53.42878723144531,
            "median": 51.0,
            "min": 0.0,
            "percentile_00_5": 5.0,
            "percentile_99_5": 146.0,
            "std": 23.400209426879883
        },
        "1": {
            "max": 233.0,
            "mean": 84.51778411865234,
            "median": 81.0,
            "min": 0.0,
            "percentile_00_5": 13.0,
            "percentile_99_5": 172.0,
            "std": 31.23839569091797
        },
        "2": {
            "max": 247.0,
            "mean": 53.35717010498047,
            "median": 50.0,
            "min": 1.0,
            "percentile_00_5": 7.0,
            "percentile_99_5": 151.0,
            "std": 23.581823348999023
        }
    },
    "median_relative_size_after_cropping": 1.0,
    "shapes_after_crop": [
        [
            23,
            256,
            256
        ],
        [
            20,
            256,
            256
        ],
        [
            20,
            198,
            256
        ],
        [
            20,
            210,
            256
        ],
        [
            20,
            195,
            256
        ],
        [
            20,
            223,
            256
        ],
        [
            24,
            250,
            256
        ],
        [
            25,
            256,
            256
        ],
        [
            24,
            246,
            256
        ],
        [
            26,
            256,
            256
        ],
        [
            20,
            256,
            256
        ],
        [
            28,
            256,
            256
        ],
        [
            38,
            256,
            256
        ],
        [
            40,
            256,
            256
        ],
        [
            36,
            256,
            256
        ],
        [
            36,
            256,
            256
        ],
        [
            36,
            256,
            256
        ],
        [
            26,
            216,
            256
        ],
        [
            71,
            255,
            256
        ],
        [
            38,
            256,
            256
        ],
        [
            53,
            256,
            256
        ],
        [
            57,
            256,
            256
        ],
        [
            53,
            256,
            256
        ],
        [
            60,
            256,
            256
        ],
        [
            58,
            256,
            256
        ],
        [
            56,
            256,
            256
        ],
        [
            52,
            256,
            256
        ],
        [
            58,
            256,
            256
        ],
        [
            49,
            256,
            256
        ],
        [
            60,
            256,
            256
        ],
        [
            38,
            256,
            256
        ],
        [
            34,
            256,
            256
        ],
        [
            32,
            256,
            256
        ],
        [
            36,
            256,
            256
        ],
        [
            35,
            256,
            255
        ],
        [
            36,
            256,
            256
        ],
        [
            36,
            256,
            256
        ],
        [
            42,
            256,
            256
        ],
        [
            40,
            256,
            256
        ],
        [
            37,
            256,
            256
        ],
        [
            37,
            256,
            256
        ],
        [
            37,
            256,
            256
        ],
        [
            36,
            256,
            256
        ],
        [
            36,
            256,
            256
        ],
        [
            37,
            256,
            256
        ],
        [
            36,
            256,
            256
        ],
        [
            38,
            256,
            256
        ],
        [
            38,
            256,
            256
        ],
        [
            35,
            256,
            253
        ],
        [
            56,
            206,
            255
        ],
        [
            23,
            244,
            256
        ],
        [
            31,
            254,
            256
        ],
        [
            36,
            256,
            256
        ],
        [
            24,
            254,
            256
        ],
        [
            51,
            256,
            256
        ],
        [
            26,
            256,
            256
        ],
        [
            36,
            256,
            256
        ],
        [
            48,
            256,
            256
        ],
        [
            60,
            256,
            256
        ],
        [
            48,
            256,
            256
        ],
        [
            26,
            256,
            256
        ],
        [
            27,
            256,
            256
        ],
        [
            51,
            256,
            256
        ],
        [
            48,
            256,
            256
        ],
        [
            60,
            256,
            256
        ],
        [
            50,
            256,
            256
        ],
        [
            36,
            256,
            256
        ],
        [
            73,
            162,
            254
        ],
        [
            32,
            256,
            256
        ],
        [
            32,
            256,
            256
        ],
        [
            20,
            256,
            256
        ],
        [
            32,
            256,
            256
        ],
        [
            28,
            256,
            256
        ],
        [
            30,
            256,
            256
        ],
        [
            21,
            256,
            256
        ],
        [
            25,
            256,
            256
        ],
        [
            24,
            256,
            256
        ],
        [
            20,
            256,
            256
        ],
        [
            21,
            256,
            256
        ],
        [
            21,
            256,
            256
        ],
        [
            32,
            256,
            256
        ],
        [
            22,
            256,
            256
        ],
        [
            20,
            256,
            256
        ],
        [
            30,
            256,
            256
        ],
        [
            28,
            256,
            256
        ],
        [
            80,
            256,
            252
        ],
        [
            32,
            256,
            256
        ],
        [
            20,
            256,
            256
        ],
        [
            20,
            256,
            256
        ],
        [
            32,
            256,
            252
        ],
        [
            22,
            256,
            254
        ],
        [
            22,
            256,
            253
        ],
        [
            21,
            256,
            256
        ],
        [
            22,
            256,
            256
        ],
        [
            23,
            256,
            256
        ],
        [
            32,
            256,
            256
        ],
        [
            28,
            256,
            256
        ],
        [
            88,
            256,
            253
        ],
        [
            88,
            256,
            253
        ]
    ],